Workbook

Sheet Dashboard
A1: Deal Pipeline — Home Health
A2: Rhode Island · generated by analyze
A4: Pipeline by Stage | D4: Snapshot
A5: Stage | B5: Count | D5: Avg fit score (/40) | E5: =IFERROR(AVERAGE('Active Targets'!K5:K16),0)
A6: Sourced | B6: =COUNTIF('Active Targets'!M5:M16,"Sourced") | D6: Total EBITDA in pipeline ($M) | E6: =SUM('Active Targets'!F5:F16)
A7: Contacted | B7: =COUNTIF('Active Targets'!M5:M16,"Contacted") | D7: Prob-weighted EBITDA ($M) | E7: =SUMPRODUCT('Active Targets'!F5:F16,'Active Targets'!N5:N16)
A8: NDA | B8: =COUNTIF('Active Targets'!M5:M16,"NDA")
A9: IOI | B9: =COUNTIF('Active Targets'!M5:M16,"IOI")
A10: LOI | B10: =COUNTIF('Active Targets'!M5:M16,"LOI")
A11: Diligence | B11: =COUNTIF('Active Targets'!M5:M16,"Diligence")
A12: Closed | B12: =COUNTIF('Active Targets'!M5:M16,"Closed")
A13: Passed | B13: =COUNTIF('Active Targets'!M5:M16,"Passed")
A14: Total active | B14: =COUNTA('Active Targets'!B5:B16)

Sheet Active Targets
A1: Active Targets
A2: Live acquisition pipeline — one row per target
A4: # | B4: Company | C4: Segment | D4: Location | E4: Revenue ($M) | F4: EBITDA ($M) | G4: Margin % | H4: Recurring % | I4: Top Cust % | J4: Owner Transition | K4: Fit (/40) | L4: Source / Intermediary | M4: Stage | N4: Prob % | O4: Lead | P4: Last Contact | Q4: Next Step | R4: Notes
A5: 1 | B5: A Caring Experience Nursing Services, Inc. | C5: Skilled home health | D5: Providence, RI | E5: 4.6 | F5: 0.7 | G5: =IF(E5=0,"",F5/E5) | H5: 72 | I5: 18 | J5: Yes | K5: 30 | L5: NPPES (off-market) | M5: Sourced | N5: 10 | O5: DD | Q5: Owner outreach letter | R5: Illustrative figures
A6: 2 | B6: Adoration Home Health Care Rhode Island, LLC | C6: Skilled home health | D6: Providence, RI | E6: 3.1 | F6: 0.4 | G6: =IF(E6=0,"",F6/E6) | H6: 65 | I6: 22 | J6: Unknown | K6: 24 | L6: NPPES (off-market) | M6: Sourced | N6: 10 | O6: DD | Q6: Confirm licensure & census | R6: Illustrative figures
A7: 3 | B7: Angels Home Care LLC | C7: Non-medical home care | D7: Cranston, RI | E7: 2.4 | F7: 0.35 | G7: =IF(E7=0,"",F7/E7) | H7: 80 | I7: 10 | J7: Yes | K7: 28 | L7: Broker (regional) | M7: Contacted | N7: 20 | O7: DD | P7: 2026-05-22 | Q7: Send NDA | R7: Illustrative figures
A8: 4 | B8: Assisted Daily Living, Inc. | C8: Non-medical home care | D8: Warwick, RI | E8: 5.2 | F8: 0.9 | G8: =IF(E8=0,"",F8/E8) | H8: 75 | I8: 14 | J8: Partial | K8: 31 | L8: BizBuySell | M8: NDA | N8: 35 | O8: DD | P8: 2026-05-26 | Q8: Request 3-yr financials | R8: Candidate platform
A9: 5 | B9: Better Life Home Care Inc | C9: Non-medical home care | D9: Providence, RI | E9: 1.8 | F9: 0.22 | G9: =IF(E9=0,"",F9/E9) | H9: 68 | I9: 25 | J9: Yes | K9: 22 | L9: NPPES (off-market) | M9: Sourced | N9: 5 | O9: DD | Q9: Qualify size | R9: Possible add-on
A10: 6 | B10: Access Healthcare, Inc. | C10: Skilled home health | D10: East Providence, RI | E10: 6 | F10: 1.1 | G10: =IF(E10=0,"",F10/E10) | H10: 78 | I10: 16 | J10: Yes | K10: 34 | L10: M&A advisor | M10: IOI | N10: 45 | O10: DD | P10: 2026-05-28 | Q10: Submit IOI | R10: Strong platform candidate
A11: 7 | G11: =IF(E11=0,"",F11/E11)
A12: 8 | G12: =IF(E12=0,"",F12/E12)
A13: 9 | G13: =IF(E13=0,"",F13/E13)
A14: 10 | G14: =IF(E14=0,"",F14/E14)
A15: 11 | G15: =IF(E15=0,"",F15/E15)
A16: 12 | G16: =IF(E16=0,"",F16/E16)

Sheet Passed
A1: Passed / Abandoned
A2: Targets reviewed and declined — keep for institutional memory
A4: Company | B4: Segment | C4: Reason Passed | D4: Date
A5: BabyBloom LLC | B5: Perinatal/niche | C5: Sub-scale; <$1M revenue; outside thesis | D5: 2026-05-18
A6: Assured Quality Homecare, LLC | B6: Non-medical (CT-based) | C6: Out of geography (Norwich, CT) | D6: 2026-05-19

Sheet Contacts
A1: Contacts
A2: Brokers, advisors, and owners across the pipeline
A4: Name | B4: Role | C4: Company | D4: Type | E4: Email | F4: Phone | G4: Last Contact | H4: Notes
A5: Jane Broker | B5: Healthcare M&A advisor | C5: Mertz Taggart | D5: M&A Advisor | E5: jane@example.com | F5: 555-0100 | G5: 2026-05-28 | H5: Covers NE home health/hospice
A6: Sam Owner | B6: Owner/CEO | C6: Access Healthcare, Inc. | D6: Owner | E6: sam@example.com | F6: 555-0142 | G6: 2026-05-28 | H6: Open to sale w/ 12-mo transition
